Sno,Candidate,Constituency,Party,Criminal Case,Education,Total Assets,Liabilities
1,Abhay Kumar Ashok,DHARAMSHALA,IND,0,Post Graduate,"Rs 97,40,093
~ 97 Lacs+","Rs 0
~"
2,Abhinay Bhardwaj,HAMIRPUR,Rashtriya Devbhumi Party,0,Graduate,"Rs 5,42,477
~ 5 Lacs+","Rs 2,50,000
~ 2 Lacs+"
3,Abhishek Barowalia,SHIMLA,IND,0,Graduate Professional,"Rs 29,54,391
~ 29 Lacs+","Rs 3,50,707
~ 3 Lacs+"
4,Abhishek Singh,SHAHPUR,AAP,0,12th Pass,"Rs 65,59,12,561
~ 65 Crore+","Rs 1,07,88,644
~ 1 Crore+"
5,Abhishek Thakur,SUNDERNAGAR,IND,0,Graduate Professional,"Rs 7,63,01,043
~ 7 Crore+","Rs 4,16,16,505
~ 4 Crore+"
6,Adv. Sanjay Sharma,FATEHPUR,IND,0,Graduate Professional,"Rs 1,68,10,785
~ 1 Crore+","Rs 0
~"
7,Ajay Kumar,BAIJNATH (SC),BSP,1,Others,"Rs 20,25,000
~ 20 Lacs+","Rs 3,43,500
~ 3 Lacs+"
8,Ajay Mahajan,NURPUR,INC,0,Graduate,"Rs 13,89,36,443
~ 13 Crore+","Rs 2,29,82,393
~ 2 Crore+"
9,Ajay Shyam,THEOG,BJP,0,Post Graduate,"Rs 59,60,505
~ 59 Lacs+","Rs 4,87,672
~ 4 Lacs+"
10,Ajay Singh,PACHHAD (SC),AAP,0,Graduate,"Rs 85,19,900
~ 85 Lacs+","Rs 6,00,000
~ 6 Lacs+"
11,Ajay Solanki,NAHAN,INC,2,12th Pass,"Rs 1,18,63,806
~ 1 Crore+","Rs 0
~"
12,Amar Chand,MANALI,Rashtriya Devbhumi Party,1,Graduate Professional,"Rs 1,07,37,418
~ 1 Crore+","Rs 4,00,000
~ 4 Lacs+"
13,Amar Nath,JHANDUTA (SC),BSP,0,10th Pass,"Rs 2,20,87,458
~ 2 Crore+","Rs 13,00,000
~ 13 Lacs+"
14,Amar Nath,BILASPUR,BSP,0,10th Pass,"Rs 14,81,42,298
~ 14 Crore+","Rs 13,00,000
~ 13 Lacs+"
15,Amar Singh,BILASPUR,AAP,1,Graduate,"Rs 9,69,45,400
~ 9 Crore+","Rs 5,50,000
~ 5 Lacs+"
16,Amit Mehta,THEOG,IND,0,Graduate Professional,"Rs 1,56,02,596
~ 1 Crore+","Rs 0
~"
17,Amit Verma,KANGRA,IND,1,12th Pass,"Rs 2,53,08,808
~ 2 Crore+","Rs 59,40,318
~ 59 Lacs+"
18,Amrita Chaudhry,BHATTIYAT,Hindu Samaj Party,0,12th Pass,"Rs 5,500
~ 5 Thou+","Rs 11,000
~ 11 Thou+"
19,Anil Kapoor,KINNAUR (ST),BSP,0,8th Pass,"Rs 4,40,140
~ 4 Lacs+","Rs 0
~"
20,Anil Kumar Mankotia,KUTLEHAR,AAP,2,Graduate,"Rs 67,28,000
~ 67 Lacs+","Rs 0
~"
21,Anil Rana,SUJANPUR,AAP,0,Graduate Professional,"Rs 55,34,550
~ 55 Lacs+","Rs 26,56,823
~ 26 Lacs+"
22,Anil Sharma,MANDI,BJP,0,Graduate,"Rs 57,48,41,205
~ 57 Crore+","Rs 68,27,489
~ 68 Lacs+"
23,Anirudh Singh,KASUMPTI,INC,4,Graduate,"Rs 10,20,93,247
~ 10 Crore+","Rs 6,77,80,000
~ 6 Crore+"
24,Anju,SOLAN (SC),AAP,0,Post Graduate,"Rs 2,38,37,697
~ 2 Crore+","Rs 3,00,000
~ 3 Lacs+"
25,Anurag Prarthi,MANALI,AAP,0,Graduate Professional,"Rs 3,73,13,000
~ 3 Crore+","Rs 1,63,50,000
~ 1 Crore+"
26,Arun Kumar,JAWALI,Himachal Jan Kranti Party,1,Graduate,"Rs 1,04,06,000
~ 1 Crore+","Rs 50,000
~ 50 Thou+"
27,Arun Kumar ( Kuka),NAGROTA,BJP,0,10th Pass,"Rs 2,06,60,181
~ 2 Crore+","Rs 15,34,601
~ 15 Lacs+"
28,Asha Kumari,DALHOUSIE,INC,1,Graduate,"Rs 5,40,31,819
~ 5 Crore+","Rs 32,94,708
~ 32 Lacs+"
29,Ashhwani Kumar Rana,HAROLI,Rashtriya Devbhumi Party,0,10th Pass,"Rs 1,81,50,000
~ 1 Crore+","Rs 0
~"
30,Ashish Butail,PALAMPUR,INC,0,Graduate,"Rs 30,25,22,481
~ 30 Crore+","Rs 7,64,31,200
~ 7 Crore+"
31,Ashish Kumar,HAMIRPUR,IND,0,Graduate Professional,"Rs 7,440
~ 7 Thou+","Rs 0
~"
32,Ashish Kumar,PACHHAD (SC),CPI(M),0,Post Graduate,"Rs 16,16,036
~ 16 Lacs+","Rs 0
~"
33,Ashish Sharma,SHAHPUR,Hindu Samaj Party,0,10th Pass,"Rs 10,59,604
~ 10 Lacs+","Rs 25,000
~ 25 Thou+"
34,Ashish Sharma,HAMIRPUR,IND,0,Graduate Professional,"Rs 13,60,06,025
~ 13 Crore+","Rs 48,53,091
~ 48 Lacs+"
35,Ashok Kumar,CHOPAL,IND,0,Graduate,"Rs 12,20,000
~ 12 Lacs+","Rs 0
~"
36,Ashok Kumar Bakaria,DALHOUSIE,Rashtriya Devbhumi Party,0,Graduate Professional,"Rs 70,53,000
~ 70 Lacs+","Rs 22,00,000
~ 22 Lacs+"
37,Ashwani Kumar,ROHRU (SC),AAP,0,Graduate,"Rs 8,00,000
~ 8 Lacs+","Rs 3,20,000
~ 3 Lacs+"
38,Ashwani Verma,PAONTA SAHIB,Rashtriya Devbhumi Party,0,Graduate,"Rs 1,47,18,620
~ 1 Crore+","Rs 0
~"
39,Attar Singh Chandel,THEOG,AAP,1,Doctorate,"Rs 9,95,96,564
~ 9 Crore+","Rs 23,50,000
~ 23 Lacs+"
40,Atul Kaushal,JAWALAMUKHI,IND,0,Graduate,"Rs 29,37,000
~ 29 Lacs+","Rs 50,000
~ 50 Thou+"
41,Ayodhya Prasad Verma,NAHAN,BSP,0,8th Pass,"Rs 1,09,01,000
~ 1 Crore+","Rs 0
~"
42,Baba Lal Giri,JOGINDERNAGAR,IND,0,Illiterate,"Rs 21,697
~ 21 Thou+","Rs 0
~"
43,Bal Ram,BILASPUR,Swabhiman Party,0,Graduate Professional,"Rs 8,34,02,500
~ 8 Crore+","Rs 8,20,000
~ 8 Lacs+"
44,Balbir Singh,CHINTPURNI (SC),BJP,0,Graduate,"Rs 3,71,40,730
~ 3 Crore+","Rs 80,21,664
~ 80 Lacs+"
45,Balbir Singh Verma,CHOPAL,BJP,0,12th Pass,"Rs 1,28,45,25,778
~ 128 Crore+","Rs 2,26,10,354
~ 2 Crore+"
46,Baldev Raj,JAWALI,AAP,0,10th Pass,"Rs 27,01,868
~ 27 Lacs+","Rs 8,96,400
~ 8 Lacs+"
47,Baldev Singh,SHILLAI,BJP,0,Graduate,"Rs 3,88,22,802
~ 3 Crore+","Rs 26,34,987
~ 26 Lacs+"
48,Balvinder Kumar Singh,SHIMLA RURAL,BSP,0,Graduate,"Rs 9,85,767
~ 9 Lacs+","Rs 0
~"
49,Balwant Singh,DOON,Rashtriya Devbhumi Party,0,5th Pass,"Rs 1,69,52,000
~ 1 Crore+","Rs 11,22,000
~ 11 Lacs+"
50,Banarshi Dass Dogra,SHAHPUR,BSP,0,8th Pass,"Rs 17,85,000
~ 17 Lacs+","Rs 1,25,000
~ 1 Lacs+"
51,Bansi Lal,ANNI (SC),INC,0,12th Pass,"Rs 12,50,000
~ 12 Lacs+","Rs 2,24,719
~ 2 Lacs+"
52,Bhag Singh,SRI NAINA DEVIJI,CPI,0,Post Graduate,"Rs 71,26,000
~ 71 Lacs+","Rs 13,75,000
~ 13 Lacs+"
53,Bhagat Lal,CHOPAL,BSP,0,12th Pass,"Rs 2,05,000
~ 2 Lacs+","Rs 0
~"
54,Bhagwant Singh,KARSOG (SC),AAP,0,Post Graduate,"Rs 1,46,21,800
~ 1 Crore+","Rs 7,50,000
~ 7 Lacs+"
55,Bhawani Singh Pathania,FATEHPUR,INC,0,Graduate Professional,"Rs 18,02,30,183
~ 18 Crore+","Rs 3,04,29,224
~ 3 Crore+"
56,Bhuvneshwar Gaur,MANALI,INC,3,Graduate,"Rs 24,85,62,780
~ 24 Crore+","Rs 0
~"
57,Bikram Singh,BHATTIYAT,BJP,2,Graduate,"Rs 49,41,130
~ 49 Lacs+","Rs 1,29,99,806
~ 1 Crore+"
58,Bikram Singh,JASWAN-PRAGPUR,BJP,0,Graduate Professional,"Rs 2,41,60,925
~ 2 Crore+","Rs 54,20,181
~ 54 Lacs+"
59,Bir Singh,JAWALI,BSP,0,12th Pass,"Rs 1,35,65,380
~ 1 Crore+","Rs 0
~"
60,Bumber Thakur,BILASPUR,INC,2,Graduate Professional,"Rs 8,95,28,229
~ 8 Crore+","Rs 55,61,994
~ 55 Lacs+"
61,Capt. Jaidayal Singh Pal,KUTLEHAR,IND,0,Post Graduate,"Rs 1,27,94,466
~ 1 Crore+","Rs 0
~"
62,Chaitanya Sharma,GAGRET,INC,0,Graduate Professional,"Rs 8,29,95,054
~ 8 Crore+","Rs 52,14,946
~ 52 Lacs+"
63,Chaman Lal,KARSOG (SC),BSP,0,10th Pass,"Rs 32,11,500
~ 32 Lacs+","Rs 32,000
~ 32 Thou+"
64,Chaman Rakesh Azta,SHIMLA,AAP,0,Graduate Professional,"Rs 4,10,53,552
~ 4 Crore+","Rs 12,81,652
~ 12 Lacs+"
65,Champa Thakur,MANDI,INC,1,Post Graduate,"Rs 2,83,77,278
~ 2 Crore+","Rs 53,98,405
~ 53 Lacs+"
66,Chander Bhan,SULLAH,IND,0,10th Pass,"Rs 10,000
~ 10 Thou+","Rs 0
~"
67,Chander Kumar,JAWALI,INC,0,Post Graduate,"Rs 4,43,98,032
~ 4 Crore+","Rs 28,02,878
~ 28 Lacs+"
68,Chander Mohan,UNA,IND,0,Graduate,"Rs 69,59,604
~ 69 Lacs+","Rs 0
~"
69,Chander Shekhar,DHARAMPUR,IND,0,10th Pass,"Rs 27,46,000
~ 27 Lacs+","Rs 0
~"
70,Chander Shekhar,DHARAMPUR,INC,1,Graduate Professional,"Rs 45,99,633
~ 45 Lacs+","Rs 4,22,405
~ 4 Lacs+"
71,Chet Ram,SERAJ,INC,2,10th Pass,"Rs 1,14,41,461
~ 1 Crore+","Rs 16,65,025
~ 16 Lacs+"
72,Chet Ram,BANJAR,Himachal Jan Kranti Party,0,Literate,"Rs 7,62,605
~ 7 Lacs+","Rs 0
~"
73,Chet Ram,MANDI,BSP,0,Post Graduate,"Rs 5,80,000
~ 5 Lacs+","Rs 0
~"
74,Chetan Singh Bragta,JUBBAL-KOTKHAI,BJP,0,Post Graduate,"Rs 8,40,69,567
~ 8 Crore+","Rs 0
~"
75,Dalip Thakur,SARKAGHAT,BJP,0,10th Pass,"Rs 66,15,239
~ 66 Lacs+","Rs 0
~"
76,Davinder Kumar,KUTLEHAR,INC,0,12th Pass,"Rs 5,90,00,000
~ 5 Crore+","Rs 4,00,00,000
~ 4 Crore+"
77,Dayal Pyari,PACHHAD (SC),INC,0,12th Pass,"Rs 70,66,872
~ 70 Lacs+","Rs 3,45,000
~ 3 Lacs+"
78,Deep Raj,KARSOG (SC),BJP,0,Graduate Professional,"Rs 1,79,49,685
~ 1 Crore+","Rs 15,00,000
~ 15 Lacs+"
79,Deepak Kumar,SRI NAINA DEVIJI,Rashtriya Devbhumi Party,0,12th Pass,"Rs 8,74,314
~ 8 Lacs+","Rs 75,917
~ 75 Thou+"
80,Des Raj Chauhan,DOON,IND,0,10th Pass,"Rs 4,53,91,712
~ 4 Crore+","Rs 20,00,000
~ 20 Lacs+"
81,Desh Raj,RAMPUR (SC),BSP,0,8th Pass,"Rs 1,51,500
~ 1 Lacs+","Rs 6,00,000
~ 6 Lacs+"
82,Desh Raj,NADAUN,BSP,0,10th Pass,"Rs 23,53,512
~ 23 Lacs+","Rs 0
~"
83,Devki Nand,ANNI (SC),CPI(M),9,12th Pass,"Rs 29,60,000
~ 29 Lacs+","Rs 0
~"
84,Dhameshwar Ram,SARKAGHAT,AAP,0,12th Pass,"Rs 73,73,000
~ 73 Lacs+","Rs 29,50,000
~ 29 Lacs+"
85,Dhani Ram Shandil,SOLAN (SC),INC,1,Doctorate,"Rs 4,12,97,517
~ 4 Crore+","Rs 49,44,428
~ 49 Lacs+"
86,Dharam Pal,NALAGARH,AAP,0,Others,"Rs 7,13,04,568
~ 7 Crore+","Rs 12,54,27,804
~ 12 Crore+"
87,Dhavinder Singh,DALHOUSIE,BJP,0,10th Pass,"Rs 15,67,49,714
~ 15 Crore+","Rs 74,89,862
~ 74 Lacs+"
88,Dr. Anil Dhiman,BHORANJ (SC),BJP,0,Graduate Professional,"Rs 3,18,13,238
~ 3 Crore+","Rs 0
~"
89,Dr. Ashok Kumar Somal,FATEHPUR,IND,0,Doctorate,"Rs 1,18,76,212
~ 1 Crore+","Rs 1,30,000
~ 1 Lacs+"
90,Dr. Janak Raj,BHARMOUR (ST),BJP,0,Post Graduate,"Rs 5,14,34,104
~ 5 Crore+","Rs 81,94,556
~ 81 Lacs+"
91,Dr. Kehar Singh,JAISINGHPUR (SC),IND,0,Doctorate,"Rs 5,13,00,000
~ 5 Crore+","Rs 0
~"
92,Dr. Rajan Sushant,FATEHPUR,AAP,1,Graduate Professional,"Rs 3,44,39,295
~ 3 Crore+","Rs 44,87,638
~ 44 Lacs+"
93,Dr. Rajeev Bindal,NAHAN,BJP,0,Graduate Professional,"Rs 9,57,15,369
~ 9 Crore+","Rs 15,90,845
~ 15 Lacs+"
94,Dr. Rajesh Chanana,KASUMPTI,AAP,0,Graduate Professional,"Rs 3,32,72,746
~ 3 Crore+","Rs 27,067
~ 27 Thou+"
95,Dr. Rajesh Sharma,DEHRA,INC,1,Post Graduate,"Rs 61,51,30,730
~ 61 Crore+","Rs 1,37,43,000
~ 1 Crore+"
96,Dr. Swaroop Singh Rana,SULLAH,IND,0,Post Graduate,"Rs 4,61,82,000
~ 4 Crore+","Rs 5,00,000
~ 5 Lacs+"
97,Dr.Ram Lal Markanda,LAHAUL AND SPITI (ST),BJP,0,Doctorate,"Rs 1,39,29,621
~ 1 Crore+","Rs 20,00,000
~ 20 Lacs+"
98,Dr.Subhash Chand Manglate,CHOPAL,IND,1,Doctorate,"Rs 12,09,57,028
~ 12 Crore+","Rs 2,15,00,000
~ 2 Crore+"
99,Gangu Ram Musafir,PACHHAD (SC),IND,0,Graduate,"Rs 2,65,85,485
~ 2 Crore+","Rs 38,850
~ 38 Thou+"
100,Ghanshyam,KARSOG (SC),IND,0,12th Pass,"Rs 47,58,000
~ 47 Lacs+","Rs 2,06,582
~ 2 Lacs+"
101,Gian Chand,SUJANPUR,BSP,0,10th Pass,"Rs 1,12,35,000
~ 1 Crore+","Rs 3,00,000
~ 3 Lacs+"
102,Gian Chand,NACHAN (SC),IND,0,12th Pass,"Rs 1,60,86,677
~ 1 Crore+","Rs 36,73,596
~ 36 Lacs+"
103,Gita Nand,SERAJ,AAP,0,Graduate Professional,"Rs 2,89,34,337
~ 2 Crore+","Rs 0
~"
104,Govind Ram,ARKI,BJP,0,10th Pass,"Rs 1,70,19,074
~ 1 Crore+","Rs 19,75,773
~ 19 Lacs+"
105,Govind Singh Thakur,MANALI,BJP,0,Graduate,"Rs 5,66,10,229
~ 5 Crore+","Rs 36,71,457
~ 36 Lacs+"
106,Gulshan,BARSAR,AAP,0,10th Pass,"Rs 67,15,000
~ 67 Lacs+","Rs 8,90,000
~ 8 Lacs+"
107,Gurdas Ram,BAIJNATH (SC),IND,0,10th Pass,"Rs 61,34,000
~ 61 Lacs+","Rs 2,00,000
~ 2 Lacs+"
108,Hans Raj,CHURAH (SC),BJP,2,Doctorate,"Rs 2,29,54,981
~ 2 Crore+","Rs 36,55,656
~ 36 Lacs+"
109,Hans Raj,INDORA (SC),BSP,0,8th Pass,"Rs 24,95,000
~ 24 Lacs+","Rs 4,50,000
~ 4 Lacs+"
110,Harbans Singh,DEHRA,BSP,0,10th Pass,"Rs 39,77,000
~ 39 Lacs+","Rs 4,50,000
~ 4 Lacs+"
111,Hardeep Singh Bawa,NALAGARH,INC,3,12th Pass,"Rs 5,56,36,515
~ 5 Crore+","Rs 7,61,000
~ 7 Lacs+"
112,Harish Janartha,SHIMLA,INC,1,Graduate,"Rs 4,66,40,142
~ 4 Crore+","Rs 30,00,000
~ 30 Lacs+"
113,Harmel Singh,KASAULI (SC),AAP,1,Graduate,"Rs 30,05,31,062
~ 30 Crore+","Rs 7,48,34,474
~ 7 Crore+"
114,Harshwardhan Chauhan,SHILLAI,INC,1,Graduate Professional,"Rs 13,64,83,615
~ 13 Crore+","Rs 45,18,660
~ 45 Lacs+"
115,Het Ram,SUNDERNAGAR,IND,0,Graduate,"Rs 2,05,000
~ 2 Lacs+","Rs 0
~"
116,Hiteshwar Singh,BANJAR,IND,0,Graduate,"Rs 15,78,65,098
~ 15 Crore+","Rs 42,89,378
~ 42 Lacs+"
117,Hoshiar Singh,JAWALAMUKHI,AAP,0,Post Graduate,"Rs 1,39,82,188
~ 1 Crore+","Rs 0
~"
118,Hoshyar Singh,DEHRA,IND,0,12th Pass,"Rs 5,15,35,339
~ 5 Crore+","Rs 1,24,34,394
~ 1 Crore+"
119,Hotam Singh,KULLU,CPI(M),1,Post Graduate,"Rs 36,93,584
~ 36 Lacs+","Rs 0
~"
120,Inder Dutt Lakhanpal,BARSAR,INC,1,Graduate,"Rs 7,43,43,640
~ 7 Crore+","Rs 2,10,42,749
~ 2 Crore+"
121,Inder Pal,ANNI (SC),AAP,0,Graduate Professional,"Rs 14,04,000
~ 14 Lacs+","Rs 5,70,000
~ 5 Lacs+"
122,Inder Singh,BALH (SC),BJP,0,10th Pass,"Rs 3,47,87,034
~ 3 Crore+","Rs 56,83,462
~ 56 Lacs+"
123,Indira,CHAMBA,IND,1,12th Pass,"Rs 72,42,239
~ 72 Lacs+","Rs 22,00,000
~ 22 Lacs+"
124,Indra Devi,SERAJ,BSP,0,Illiterate,"Rs 20,23,000
~ 20 Lacs+","Rs 1,65,000
~ 1 Lacs+"
125,Indu Varma,THEOG,IND,0,Post Graduate,"Rs 3,19,05,153
~ 3 Crore+","Rs 20,66,936
~ 20 Lacs+"
126,Jabna Kumari,NACHAN (SC),AAP,1,12th Pass,"Rs 7,30,510
~ 7 Lacs+","Rs 0
~"
127,Jagat Singh Negi,KINNAUR (ST),INC,1,Graduate Professional,"Rs 3,38,04,779
~ 3 Crore+","Rs 32,50,603
~ 32 Lacs+"
128,Jagdish Chand,NALAGARH,Rashtriya Devbhumi Party,2,10th Pass,"Rs 1,29,26,608
~ 1 Crore+","Rs 50,00,000
~ 50 Lacs+"
129,Jagdish Chand Sapehia,SULLAH,INC,3,Graduate,"Rs 1,80,88,609
~ 1 Crore+","Rs 17,09,000
~ 17 Lacs+"
130,Jagdish Singh,INDORA (SC),AAP,0,10th Pass,"Rs 1,86,37,917
~ 1 Crore+","Rs 36,13,000
~ 36 Lacs+"
131,Jagjiwan Paul,SULLAH,IND,0,12th Pass,"Rs 1,05,30,700
~ 1 Crore+","Rs 26,81,070
~ 26 Lacs+"
132,Jagmohan Singh,SRI RENUKAJI (SC),Rashtriya Devbhumi Party,0,10th Pass,"Rs 2,28,82,684
~ 2 Crore+","Rs 55,50,000
~ 55 Lacs+"
133,Jagpal Singh Rana,NALAGARH,IND,0,Graduate Professional,"Rs 3,11,18,049
~ 3 Crore+","Rs 2,50,000
~ 2 Lacs+"
134,Jai Dev Singh,ARKI,Rashtriya Devbhumi Party,2,12th Pass,"Rs 37,70,000
~ 37 Lacs+","Rs 7,00,000
~ 7 Lacs+"
135,Jai Ram Thakur,SERAJ,BJP,0,Graduate,"Rs 6,28,47,718
~ 6 Crore+","Rs 26,88,280
~ 26 Lacs+"
136,Jarnail Singh,BHORANJ (SC),BSP,0,12th Pass,"Rs 1,05,68,376
~ 1 Crore+","Rs 0
~"
137,Jasveer Singh,NACHAN (SC),IND,0,Others,"Rs 66,21,638
~ 66 Lacs+","Rs 9,93,261
~ 9 Lacs+"
138,Jeet Ram,ARKI,AAP,0,Post Graduate,"Rs 2,94,000
~ 2 Lacs+","Rs 0
~"
139,Jeet Ram Katwal,JHANDUTA (SC),BJP,1,Post Graduate,"Rs 3,42,27,344
~ 3 Crore+","Rs 19,52,760
~ 19 Lacs+"
140,Jhabe Ram Kaushal,BANJAR,BSP,0,Post Graduate,"Rs 33,32,000
~ 33 Lacs+","Rs 6,00,000
~ 6 Lacs+"
141,Jia Lal Sadhak,THEOG,BSP,1,Graduate,"Rs 1,37,75,000
~ 1 Crore+","Rs 0
~"
142,Jitender Pal,JHANDUTA (SC),IND,0,12th Pass,"Rs 4,21,753
~ 4 Lacs+","Rs 0
~"
143,Jiwan Ram,BALH (SC),Rashtriya Devbhumi Party,0,Graduate Professional,"Rs 54,11,718
~ 54 Lacs+","Rs 90,000
~ 90 Thou+"
144,Joginder Singh,SHAHPUR,IND,1,Graduate,"Rs 61,318
~ 61 Thou+","Rs 0
~"
145,K. L. Thakur,NALAGARH,IND,0,Graduate Professional,"Rs 2,52,75,022
~ 2 Crore+","Rs 1,37,54,673
~ 1 Crore+"
146,Kailash Chand,SARKAGHAT,Rashtriya Devbhumi Party,0,12th Pass,"Rs 3,000
~ 3 Thou+","Rs 0
~"
147,Kalyan Singh,SHIMLA,Rashtriya Devbhumi Party,0,10th Pass,"Rs 45,30,000
~ 45 Lacs+","Rs 60,00,000
~ 60 Lacs+"
148,Kamal Kant,JOGINDERNAGAR,Rashtriya Devbhumi Party,0,Graduate,"Rs 60,29,000
~ 60 Lacs+","Rs 6,50,000
~ 6 Lacs+"
149,Kamal Kumar,UNA,IND,0,Post Graduate,"Rs 60,000
~ 60 Thou+","Rs 24,264
~ 24 Thou+"
150,Kameshwar,KASUMPTI,BSP,0,5th Pass,"Rs 71,00,000
~ 71 Lacs+","Rs 0
~"
151,Kamlesh,ARKI,BSP,0,10th Pass,"Rs 38,25,641
~ 38 Lacs+","Rs 0
~"
152,Kashmir Singh Thakur,HAMIRPUR,CPI(M),3,Doctorate,"Rs 97,56,653
~ 97 Lacs+","Rs 0
~"
153,Kaul Singh,RAMPUR (SC),BJP,0,Graduate Professional,"Rs 99,265
~ 99 Thou+","Rs 0
~"
154,Kaul Singh,DARANG,INC,0,Graduate Professional,"Rs 11,67,01,610
~ 11 Crore+","Rs 63,76,871
~ 63 Lacs+"
155,Kewal Kumar,CHINTPURNI (SC),IND,0,Post Graduate,"Rs 69,76,710
~ 69 Lacs+","Rs 0
~"
156,Kewal Singh,SHAHPUR,INC,0,Post Graduate,"Rs 3,24,65,580
~ 3 Crore+","Rs 10,58,000
~ 10 Lacs+"
157,Khimi Ram,BANJAR,INC,0,Graduate Professional,"Rs 3,54,02,157
~ 3 Crore+","Rs 0
~"
158,Kirnesh Jung,PAONTA SAHIB,INC,1,12th Pass,"Rs 11,06,95,230
~ 11 Crore+","Rs 81,79,908
~ 81 Lacs+"
159,Kishori Lal,ANNI (SC),IND,1,Post Graduate,"Rs 3,76,53,760
~ 3 Crore+","Rs 56,77,100
~ 56 Lacs+"
160,Kishori Lal,NALAGARH,Swabhiman Party,0,Doctorate,"Rs 30,65,000
~ 30 Lacs+","Rs 0
~"
161,Kishori Lal,BAIJNATH (SC),INC,0,10th Pass,"Rs 4,89,98,307
~ 4 Crore+","Rs 5,71,852
~ 5 Lacs+"
162,Kishori Lal,KARSOG (SC),CPI(M),0,Graduate Professional,"Rs 14,92,400
~ 14 Lacs+","Rs 0
~"
163,Kripal Parmar,FATEHPUR,IND,0,Graduate Professional,"Rs 3,27,98,237
~ 3 Crore+","Rs 30,00,000
~ 30 Lacs+"
164,Kulbhash Chand,KANGRA,IND,0,10th Pass,"Rs 1,63,89,029
~ 1 Crore+","Rs 81,75,687
~ 81 Lacs+"
165,Kulbhushan Thakur,JOGINDERNAGAR,IND,1,Graduate,"Rs 9,66,371
~ 9 Lacs+","Rs 0
~"
166,Kuldeep Singh Pathania,BHATTIYAT,INC,1,Graduate Professional,"Rs 8,63,30,489
~ 8 Crore+","Rs 15,74,346
~ 15 Lacs+"
167,Kuldeep Singh Rathore,THEOG,INC,8,Post Graduate,"Rs 4,21,31,523
~ 4 Crore+","Rs 0
~"
168,Kuldip Singh Tanwar,KASUMPTI,CPI(M),20,Doctorate,"Rs 12,80,23,118
~ 12 Crore+","Rs 0
~"
169,Kulwant Singh Rana,DHARAMSHALA,AAP,0,Doctorate,"Rs 5,46,44,680
~ 5 Crore+","Rs 0
~"
170,Kushal Bhardwaj,JOGINDERNAGAR,CPI(M),0,Post Graduate,"Rs 63,27,584
~ 63 Lacs+","Rs 0
~"
171,Lakhwinder Singh Rana,NALAGARH,BJP,0,Graduate,"Rs 11,15,17,110
~ 11 Crore+","Rs 80,74,490
~ 80 Lacs+"
172,Lata Chandel,BILASPUR,IND,0,12th Pass,"Rs 9,54,199
~ 9 Lacs+","Rs 0
~"
173,Laxman Dass,INDORA (SC),Hindu Samaj Party,0,12th Pass,"Rs 4,51,636
~ 4 Lacs+","Rs 0
~"
174,Laxmender Singh,MANDI,IND,0,Post Graduate,"Rs 1,14,61,748
~ 1 Crore+","Rs 34,50,000
~ 34 Lacs+"
175,Lekh Raj Katnoria,GAGRET,BSP,0,10th Pass,"Rs 6,50,000
~ 6 Lacs+","Rs 0
~"
176,Lokender Kumar,ANNI (SC),BJP,11,Post Graduate,"Rs 29,00,000
~ 29 Lacs+","Rs 45,000
~ 45 Thou+"
177,Lot Rama Thakur,KULLU,IND,1,10th Pass,"Rs 66,26,150
~ 66 Lacs+","Rs 1,00,000
~ 1 Lacs+"
178,Mahender Rana,SERAJ,CPI(M),1,Graduate Professional,"Rs 10,11,000
~ 10 Lacs+","Rs 0
~"
179,Mahesh Raj,KARSOG (SC),INC,0,12th Pass,"Rs 1,19,98,287
~ 1 Crore+","Rs 36,19,003
~ 36 Lacs+"
180,Mahinder Singh,MANALI,IND,2,Graduate Professional,"Rs 3,33,66,545
~ 3 Crore+","Rs 88,15,252
~ 88 Lacs+"
181,Major Khem Singh Thakur,MANDI,IND,0,Post Graduate,"Rs 1,59,21,400
~ 1 Crore+","Rs 2,30,000
~ 2 Lacs+"
182,Malender Rajan,INDORA (SC),INC,0,Graduate Professional,"Rs 1,32,76,958
~ 1 Crore+","Rs 0
~"
183,Manish Kumar,DEHRA,AAP,0,Graduate Professional,"Rs 2,55,95,309
~ 2 Crore+","Rs 40,00,000
~ 40 Lacs+"
184,Manish Kumar Thakur,PAONTA SAHIB,AAP,19,Graduate,"Rs 20,75,249
~ 20 Lacs+","Rs 0
~"
185,Manish Sareen,DALHOUSIE,AAP,0,Graduate Professional,"Rs 5,71,100
~ 5 Lacs+","Rs 9,50,000
~ 9 Lacs+"
186,Manish Tomar,PAONTA SAHIB,IND,0,12th Pass,"Rs 2,72,40,618
~ 2 Crore+","Rs 76,20,000
~ 76 Lacs+"
187,Manisha Kumari,NURPUR,AAP,0,Post Graduate,"Rs 40,000
~ 40 Thou+","Rs 0
~"
188,Manohar Lal,INDORA (SC),IND,0,10th Pass,"Rs 1,25,61,640
~ 1 Crore+","Rs 10,43,693
~ 10 Lacs+"
189,Manohar Lal,GHUMARWIN,IND,2,10th Pass,"Rs 75,04,119
~ 75 Lacs+","Rs 14,90,405
~ 14 Lacs+"
190,Manohar Lal Dadwal,GAGRET,AAP,0,10th Pass,"Rs 1,39,01,230
~ 1 Crore+","Rs 0
~"
191,Manoj Kumar,JHANDUTA (SC),Rashtriya Devbhumi Party,0,Graduate,"Rs 14,90,853
~ 14 Lacs+","Rs 0
~"
192,Maya Sharma,BARSAR,BJP,0,10th Pass,"Rs 6,77,96,831
~ 6 Crore+","Rs 29,43,358
~ 29 Lacs+"
193,Mehar Chand,JOGINDERNAGAR,Rashtriya Lokneeti Party,0,10th Pass,"Rs 1,06,30,000
~ 1 Crore+","Rs 17,00,000
~ 17 Lacs+"
194,Mohan Lal Brakta,ROHRU (SC),INC,3,Graduate Professional,"Rs 2,51,68,089
~ 2 Crore+","Rs 17,48,069
~ 17 Lacs+"
195,Mukesh Agnihotri,HAROLI,INC,5,Post Graduate,"Rs 5,47,32,433
~ 5 Crore+","Rs 49,16,666
~ 49 Lacs+"
196,Mukesh Kumar,JASWAN-PRAGPUR,IND,1,10th Pass,"Rs 10,37,01,293
~ 10 Crore+","Rs 2,70,70,042
~ 2 Crore+"
197,Mulkh Raj,BAIJNATH (SC),BJP,0,10th Pass,"Rs 67,48,845
~ 67 Lacs+","Rs 29,00,328
~ 29 Lacs+"
198,Munish Sharma,SARKAGHAT,IND,1,Post Graduate,"Rs 41,94,392
~ 41 Lacs+","Rs 30,50,000
~ 30 Lacs+"
199,Naathu Ram Chauhan,SHILLAI,AAP,0,Graduate,"Rs 39,60,000
~ 39 Lacs+","Rs 3,00,000
~ 3 Lacs+"
200,Nagender Chand,DOON,BSP,0,12th Pass,"Rs 63,14,863
~ 63 Lacs+","Rs 43,70,000
~ 43 Lacs+"
201,Nand Kumar Jaryal,CHURAH (SC),AAP,0,Post Graduate,"Rs 6,28,000
~ 6 Lacs+","Rs 3,14,000
~ 3 Lacs+"
202,Nand Lal,NACHAN (SC),BSP,0,8th Pass,"Rs 62,71,028
~ 62 Lacs+","Rs 16,00,000
~ 16 Lacs+"
203,Nand Lal,RAMPUR (SC),INC,4,Post Graduate,"Rs 2,85,45,011
~ 2 Crore+","Rs 14,34,148
~ 14 Lacs+"
204,Nand Lal,GHUMARWIN,IND,0,10th Pass,"Rs 1,08,41,326
~ 1 Crore+","Rs 5,00,000
~ 5 Lacs+"
205,Narain Singh,SRI RENUKAJI (SC),BJP,0,Post Graduate,"Rs 1,80,25,613
~ 1 Crore+","Rs 31,46,711
~ 31 Lacs+"
206,Narayan Singh,SUNDERNAGAR,BSP,0,10th Pass,"Rs 59,72,000
~ 59 Lacs+","Rs 0
~"
207,Narender Kumar,SERAJ,IND,0,12th Pass,"Rs 2,55,000
~ 2 Lacs+","Rs 0
~"
208,Narender Kumar,JOGINDERNAGAR,BSP,0,Graduate Professional,"Rs 70,800
~ 70 Thou+","Rs 2,10,000
~ 2 Lacs+"
209,Narender Singh,ROHRU (SC),Rashtriya Devbhumi Party,1,10th Pass,"Rs 19,36,510
~ 19 Lacs+","Rs 4,60,000
~ 4 Lacs+"
210,Naresh Kumar,BARSAR,Rashtriya Devbhumi Party,0,8th Pass,"Rs 23,50,000
~ 23 Lacs+","Rs 11,00,000
~ 11 Lacs+"
211,Naresh Kumar,HAROLI,BSP,0,Graduate Professional,"Rs 66,27,112
~ 66 Lacs+","Rs 0
~"
212,Naresh Kumar,BHATTIYAT,AAP,1,Graduate,"Rs 57,37,400
~ 57 Lacs+","Rs 26,00,000
~ 26 Lacs+"
213,Naresh Kumar,NACHAN (SC),INC,0,Post Graduate,"Rs 8,08,52,330
~ 8 Crore+","Rs 4,05,84,579
~ 4 Crore+"
214,Naresh Kumar Darji,HAMIRPUR,IND,5,10th Pass,"Rs 3,55,10,000
~ 3 Crore+","Rs 11,00,000
~ 11 Lacs+"
215,Narinder Singh,SRI NAINA DEVIJI,AAP,0,Graduate,"Rs 20,57,491
~ 20 Lacs+","Rs 4,48,332
~ 4 Lacs+"
216,Narinder Thakur,HAMIRPUR,BJP,0,Post Graduate,"Rs 4,79,42,327
~ 4 Crore+","Rs 31,03,917
~ 31 Lacs+"
217,Narotam Singh,KULLU,BJP,0,Post Graduate,"Rs 82,54,356
~ 82 Lacs+","Rs 1,24,864
~ 1 Lacs+"
218,Neelam Nayyar,CHAMBA,BJP,0,Graduate,"Rs 5,96,71,042
~ 5 Crore+","Rs 36,37,072
~ 36 Lacs+"
219,Neeraj Nayar,CHAMBA,INC,1,Graduate,"Rs 8,56,55,643
~ 8 Crore+","Rs 3,98,80,496
~ 3 Crore+"
220,Neeraj Saini,BANJAR,AAP,0,12th Pass,"Rs 1,51,16,528
~ 1 Crore+","Rs 93,00,000
~ 93 Lacs+"
221,Nirmal Parshad,INDORA (SC),IND,0,12th Pass,"Rs 55,74,679
~ 55 Lacs+","Rs 0
~"
222,Nirmal Singh,BHATTIYAT,IND,0,Post Graduate,"Rs 35,08,934
~ 35 Lacs+","Rs 77,383
~ 77 Thou+"
223,Om Prakash,KASAULI (SC),IND,1,Graduate,"Rs 55,88,766
~ 55 Lacs+","Rs 23,00,000
~ 23 Lacs+"
224,Paramjeet Singh Pammi,DOON,BJP,0,Graduate,"Rs 11,64,17,583
~ 11 Crore+","Rs 36,90,315
~ 36 Lacs+"
225,Paramjit Singh,BARSAR,Himachal Jan Kranti Party,0,Graduate,"Rs 5,11,000
~ 5 Lacs+","Rs 2,87,000
~ 2 Lacs+"
226,Paras Bains,NALAGARH,BSP,0,12th Pass,"Rs 1,59,99,212
~ 1 Crore+","Rs 22,50,000
~ 22 Lacs+"
227,Paras Ram,ANNI (SC),IND,0,Graduate,"Rs 1,81,42,000
~ 1 Crore+","Rs 20,00,000
~ 20 Lacs+"
228,Paras Ram,CHAMBA,BSP,0,12th Pass,"Rs 22,44,000
~ 22 Lacs+","Rs 0
~"
229,Parkash Chand,BHARMOUR (ST),AAP,0,Post Graduate,"Rs 81,38,000
~ 81 Lacs+","Rs 9,00,000
~ 9 Lacs+"
230,Parmodh Chand,BAIJNATH (SC),AAP,0,12th Pass,"Rs 86,02,000
~ 86 Lacs+","Rs 5,71,852
~ 5 Lacs+"
231,Pawan Kumar,SARKAGHAT,INC,0,12th Pass,"Rs 4,94,18,985
~ 4 Crore+","Rs 88,15,143
~ 88 Lacs+"
232,Pawan Kumar,BHORANJ (SC),IND,0,12th Pass,"Rs 8,20,000
~ 8 Lacs+","Rs 0
~"
233,Pawan Kumar Kajal,KANGRA,BJP,0,10th Pass,"Rs 13,21,72,679
~ 13 Crore+","Rs 25,22,943
~ 25 Lacs+"
234,Piyush Kanga,BILASPUR,IND,0,Post Graduate,"Rs 6,80,610
~ 6 Lacs+","Rs 0
~"
235,Pooja Verma,SUNDERNAGAR,AAP,1,Graduate Professional,"Rs 2,99,45,000
~ 2 Crore+","Rs 2,08,00,000
~ 2 Crore+"
236,Prakash Andta,ROHRU (SC),BSP,0,10th Pass,"Rs 8,26,500
~ 8 Lacs+","Rs 0
~"
237,Prakash Chand Bhardwaj,DHARAMPUR,BSP,0,Post Graduate,"Rs 54,90,000
~ 54 Lacs+","Rs 9,00,000
~ 9 Lacs+"
238,Prakash Chaudhary,BALH (SC),INC,0,Post Graduate,"Rs 2,20,69,940
~ 2 Crore+","Rs 75,52,148
~ 75 Lacs+"
239,Prakash Prem Kumar,JOGINDERNAGAR,BJP,0,10th Pass,"Rs 25,40,26,994
~ 25 Crore+","Rs 0
~"
240,Praveen Kumar,SHIMLA RURAL,IND,1,Graduate,"Rs 15,15,000
~ 15 Lacs+","Rs 0
~"
241,Praveen Kumar,MANDI,IND,0,Post Graduate,"Rs 12,88,869
~ 12 Lacs+","Rs 0
~"
242,Praveen Kumar Kaushal,HAMIRPUR,BSP,0,Graduate,"Rs 52,28,400
~ 52 Lacs+","Rs 3,60,000
~ 3 Lacs+"
243,Prem Chand,JASWAN-PRAGPUR,BSP,0,Others,"Rs 2,59,81,209
~ 2 Crore+","Rs 20,00,000
~ 20 Lacs+"
244,Prem Kumar,BALH (SC),BSP,0,Post Graduate,"Rs 1,05,08,416
~ 1 Crore+","Rs 5,00,000
~ 5 Lacs+"
245,Prem Kumar,SHIMLA RURAL,AAP,0,Post Graduate,"Rs 1,04,79,320
~ 1 Crore+","Rs 4,43,334
~ 4 Lacs+"
246,Prem Lal Banga,GHUMARWIN,BSP,0,10th Pass,"Rs 83,19,450
~ 83 Lacs+","Rs 0
~"
247,Pritam Dev,RAMPUR (SC),IND,0,5th Pass,"Rs 13,86,476
~ 13 Lacs+","Rs 3,00,000
~ 3 Lacs+"
248,Puja,BHARMOUR (ST),Himachal Jan Kranti Party,0,Graduate,"Rs 6,35,917
~ 6 Lacs+","Rs 0
~"
249,Puja Pal,BILASPUR,Rashtriya Devbhumi Party,0,Graduate Professional,"Rs 13,51,15,075
~ 13 Crore+","Rs 4,50,00,000
~ 4 Crore+"
250,Puran Chand,DARANG,BJP,0,10th Pass,"Rs 1,63,13,928
~ 1 Crore+","Rs 0
~"
251,Puran Dutt,SHIMLA RURAL,Rashtriya Devbhumi Party,0,Graduate,"Rs 93,45,913
~ 93 Lacs+","Rs 0
~"
252,Pushpinder Verma,HAMIRPUR,INC,0,Post Graduate,"Rs 3,52,88,686
~ 3 Crore+","Rs 47,89,702
~ 47 Lacs+"
253,R.S. Bali,NAGROTA,INC,3,Graduate Professional,"Rs 92,36,27,042
~ 92 Crore+","Rs 6,18,71,356
~ 6 Crore+"
254,Raghubir Singh,GAGRET,Himachal Jan Kranti Party,0,10th Pass,"Rs 25,67,000
~ 25 Lacs+","Rs 1,20,000
~ 1 Lacs+"
255,Raj Kumar,JHANDUTA (SC),IND,0,Graduate Professional,"Rs 1,72,28,857
~ 1 Crore+","Rs 6,81,912
~ 6 Lacs+"
256,Raj Kumar,KANGRA,AAP,0,10th Pass,"Rs 3,71,75,184
~ 3 Crore+","Rs 0
~"
257,Rajat Thakur,DHARAMPUR,BJP,0,Graduate,"Rs 9,79,69,842
~ 9 Crore+","Rs 18,38,045
~ 18 Lacs+"
258,Rajeev Kumar,MANDI,IND,0,12th Pass,"Rs 8,42,850
~ 8 Lacs+","Rs 2,00,000
~ 2 Lacs+"
259,Rajeev Kumar Kaundel,KASAULI (SC),Rashtriya Devbhumi Party,0,Others,"Rs 6,41,000
~ 6 Lacs+","Rs 0
~"
260,Rajender,ARKI,IND,1,10th Pass,"Rs 8,09,54,447
~ 8 Crore+","Rs 3,59,41,509
~ 3 Crore+"
261,Rajender Singh,ROHRU (SC),IND,0,Graduate,"Rs 87,11,470
~ 87 Lacs+","Rs 19,96,283
~ 19 Lacs+"
262,Rajesh Dharmani,GHUMARWIN,INC,1,Post Graduate,"Rs 1,32,94,907
~ 1 Crore+","Rs 3,65,614
~ 3 Lacs+"
263,Rajesh Kashyap,SOLAN (SC),BJP,1,Post Graduate,"Rs 4,55,25,497
~ 4 Crore+","Rs 28,07,802
~ 28 Lacs+"
264,Rajesh Kumar,SUJANPUR,IND,0,10th Pass,"Rs 30,40,000
~ 30 Lacs+","Rs 12,90,000
~ 12 Lacs+"
265,Rajesh Kumar Gill,SHIMLA,BSP,0,10th Pass,"Rs 30,50,000
~ 30 Lacs+","Rs 0
~"
266,Rajesh Thakur,GAGRET,BJP,0,Graduate,"Rs 28,01,67,065
~ 28 Crore+","Rs 1,71,10,670
~ 1 Crore+"
267,Rajinder,KASAULI (SC),Himachal Jan Kranti Party,0,8th Pass,"Rs 12,23,000
~ 12 Lacs+","Rs 0
~"
268,Rajinder,SOLAN (SC),BSP,0,5th Pass,"Rs 32,01,500
~ 32 Lacs+","Rs 1,55,000
~ 1 Lacs+"
269,Rajinder Garg,GHUMARWIN,BJP,0,Post Graduate,"Rs 3,86,96,510
~ 3 Crore+","Rs 17,27,850
~ 17 Lacs+"
270,Rajinder Singh,SUJANPUR,INC,0,Graduate,"Rs 31,97,28,503
~ 31 Crore+","Rs 37,34,978
~ 37 Lacs+"
271,Rajiv Gautam,UNA,AAP,0,Graduate Professional,"Rs 8,62,35,854
~ 8 Crore+","Rs 1,12,48,078
~ 1 Crore+"
272,Rajiv Saizal,KASAULI (SC),BJP,0,Graduate Professional,"Rs 1,70,90,767
~ 1 Crore+","Rs 0
~"
273,Rajneesh Kimta,CHOPAL,INC,0,Graduate Professional,"Rs 31,24,48,558
~ 31 Crore+","Rs 1,53,97,891
~ 1 Crore+"
274,Rajni Kaushal,BHORANJ (SC),AAP,0,12th Pass,"Rs 67,60,000
~ 67 Lacs+","Rs 0
~"
275,Rakesh Kumar,DHARAMSHALA,BJP,0,Graduate,"Rs 83,62,728
~ 83 Lacs+","Rs 1,66,164
~ 1 Lacs+"
276,Rakesh Kumar,SUNDERNAGAR,BJP,0,Graduate,"Rs 3,92,44,189
~ 3 Crore+","Rs 44,71,977
~ 44 Lacs+"
277,Rakesh Kumar Chopra,GHUMARWIN,AAP,0,10th Pass,"Rs 21,67,20,892
~ 21 Crore+","Rs 8,76,01,241
~ 8 Crore+"
278,Rakesh Mandhotra,DHARAMPUR,AAP,1,Post Graduate,"Rs 15,30,000
~ 15 Lacs+","Rs 0
~"
279,Rakesh Pathania,FATEHPUR,BJP,1,12th Pass,"Rs 6,55,37,155
~ 6 Crore+","Rs 1,60,71,860
~ 1 Crore+"
280,Rakesh Singha,THEOG,CPI(M),30,Post Graduate,"Rs 19,46,17,735
~ 19 Crore+","Rs 14,96,393
~ 14 Lacs+"
281,Ram Kishan,SRI RENUKAJI (SC),AAP,0,Post Graduate,"Rs 2,31,85,621
~ 2 Crore+","Rs 0
~"
282,Ram Kumar,HAROLI,BJP,0,Post Graduate,"Rs 1,09,79,081
~ 1 Crore+","Rs 0
~"
283,Ram Kumar,DOON,INC,1,Post Graduate,"Rs 73,76,21,068
~ 73 Crore+","Rs 8,05,57,202
~ 8 Crore+"
284,Ram Lal Thakur,SRI NAINA DEVIJI,INC,3,Graduate Professional,"Rs 5,35,34,401
~ 5 Crore+","Rs 28,28,448
~ 28 Lacs+"
285,Ram Pal,JUBBAL-KOTKHAI,BSP,0,8th Pass,"Rs 2,75,950
~ 2 Lacs+","Rs 0
~"
286,Ram Paul,CHINTPURNI (SC),AAP,0,Post Graduate,"Rs 1,62,80,032
~ 1 Crore+","Rs 12,90,739
~ 12 Lacs+"
287,Ram Prakash,KASUMPTI,Rashtriya Devbhumi Party,0,10th Pass,"Rs 38,25,675
~ 38 Lacs+","Rs 12,85,000
~ 12 Lacs+"
288,Ram Rattan,KASAULI (SC),BSP,0,Literate,"Rs 1,20,61,000
~ 1 Crore+","Rs 3,20,000
~ 3 Lacs+"
289,Ram Singh,KULLU,IND,0,Graduate,"Rs 5,81,57,786
~ 5 Crore+","Rs 34,08,095
~ 34 Lacs+"
290,Ramesh Chand,UNA,BSP,0,12th Pass,"Rs 2,78,70,000
~ 2 Crore+","Rs 0
~"
291,Ramesh Chand,SARKAGHAT,BSP,0,10th Pass,"Rs 46,92,700
~ 46 Lacs+","Rs 0
~"
292,Ramesh Chand,DEHRA,BJP,0,10th Pass,"Rs 1,50,09,964
~ 1 Crore+","Rs 20,00,000
~ 20 Lacs+"
293,Ramesh Kumar,DARANG,BSP,0,8th Pass,"Rs 52,86,000
~ 52 Lacs+","Rs 50,000
~ 50 Thou+"
294,Ramesh Kumar,SHAHPUR,IND,0,5th Pass,"Rs 21,45,000
~ 21 Lacs+","Rs 8,00,000
~ 8 Lacs+"
295,Rameshwar,PAONTA SAHIB,IND,0,5th Pass,"Rs 46,00,660
~ 46 Lacs+","Rs 0
~"
296,Ramjan,NAHAN,IND,0,10th Pass,"Rs 43,54,100
~ 43 Lacs+","Rs 1,30,000
~ 1 Lacs+"
297,Ran Vijay Singh,SUNDERNAGAR,Rashtriya Devbhumi Party,0,10th Pass,"Rs 1,30,698
~ 1 Lacs+","Rs 26,000
~ 26 Thou+"
298,Ranbir Singh,NURPUR,BJP,1,10th Pass,"Rs 15,84,10,000
~ 15 Crore+","Rs 30,00,000
~ 30 Lacs+"
299,Randhir Sharma,SRI NAINA DEVIJI,BJP,0,Post Graduate,"Rs 5,58,40,585
~ 5 Crore+","Rs 12,00,000
~ 12 Lacs+"
300,Ranjit Singh,NADAUN,IND,0,10th Pass,"Rs 12,62,000
~ 12 Lacs+","Rs 0
~"
301,Ranjit Singh Rana,SUJANPUR,BJP,0,12th Pass,"Rs 62,96,530
~ 62 Lacs+","Rs 0
~"
302,Rasila Ram,BHARMOUR (ST),Himachal Janta Party,0,Graduate,"Rs 23,35,426
~ 23 Lacs+","Rs 4,00,000
~ 4 Lacs+"
303,Rattan Chand Katoch,BARSAR,BSP,0,10th Pass,"Rs 98,40,000
~ 98 Lacs+","Rs 8,00,000
~ 8 Lacs+"
304,Ravi Kumar Mehta,SHIMLA RURAL,BJP,1,Post Graduate,"Rs 2,30,87,042
~ 2 Crore+","Rs 23,10,662
~ 23 Lacs+"
305,Ravi Thakur,LAHAUL AND SPITI (ST),INC,0,Graduate,"Rs 12,27,94,142
~ 12 Crore+","Rs 4,14,39,467
~ 4 Crore+"
306,Ravinder Kumar Dhiman,JAISINGHPUR (SC),BJP,0,Graduate,"Rs 1,58,00,735
~ 1 Crore+","Rs 34,33,166
~ 34 Lacs+"
307,Ravinder Pal Singh,JOGINDERNAGAR,AAP,0,Post Graduate,"Rs 4,08,65,000
~ 4 Crore+","Rs 66,00,000
~ 66 Lacs+"
308,Ravinder Pal Singh Mann,HAROLI,AAP,0,Graduate Professional,"Rs 49,66,314
~ 49 Lacs+","Rs 0
~"
309,Ravinder Singh,SULLAH,AAP,0,Graduate,"Rs 81,75,647
~ 81 Lacs+","Rs 2,67,900
~ 2 Lacs+"
310,Ravinder Singh,JAWALAMUKHI,BJP,1,Graduate,"Rs 3,45,35,958
~ 3 Crore+","Rs 14,15,567
~ 14 Lacs+"
311,Reena,PACHHAD (SC),BJP,0,Post Graduate,"Rs 1,21,21,682
~ 1 Crore+","Rs 42,14,263
~ 42 Lacs+"
312,Reeta Devi,INDORA (SC),BJP,0,10th Pass,"Rs 2,09,40,850
~ 2 Crore+","Rs 69,64,397
~ 69 Lacs+"
313,Rekha Rani,SULLAH,IND,0,12th Pass,"Rs 17,65,000
~ 17 Lacs+","Rs 0
~"
314,Rinku,DALHOUSIE,IND,0,Graduate,"Rs 8,26,450
~ 8 Lacs+","Rs 16,26,943
~ 16 Lacs+"
315,Rohit Thakur,JUBBAL-KOTKHAI,INC,0,Graduate,"Rs 10,43,48,982
~ 10 Crore+","Rs 26,50,000
~ 26 Lacs+"
316,Roshan Lal Chaudhary,PAONTA SAHIB,IND,0,Post Graduate,"Rs 1,83,76,639
~ 1 Crore+","Rs 9,83,000
~ 9 Lacs+"
317,Sahil Chouhan,JASWAN-PRAGPUR,AAP,0,12th Pass,"Rs 5,34,550
~ 5 Lacs+","Rs 9,21,000
~ 9 Lacs+"
318,Salender Singh,NAHAN,Rashtriya Devbhumi Party,0,12th Pass,"Rs 15,23,000
~ 15 Lacs+","Rs 12,30,000
~ 12 Lacs+"
319,Sali Ram,NURPUR,BSP,0,10th Pass,"Rs 17,00,000
~ 17 Lacs+","Rs 3,40,000
~ 3 Lacs+"
320,Sanjay,ARKI,INC,1,Graduate,"Rs 2,89,95,613
~ 2 Crore+","Rs 23,84,244
~ 23 Lacs+"
321,Sanjay Bhardwaj,PALAMPUR,AAP,0,Graduate Professional,"Rs 1,56,39,923
~ 1 Crore+","Rs 15,93,656
~ 15 Lacs+"
322,Sanjay Guleria,JAWALI,BJP,2,Graduate,"Rs 10,99,82,319
~ 10 Crore+","Rs 7,90,255
~ 7 Lacs+"
323,Sanjay Kumar,MANDI,Rashtriya Devbhumi Party,0,10th Pass,"Rs 3,08,000
~ 3 Lacs+","Rs 18,000
~ 18 Thou+"
324,Sanjay Kumar,ARKI,IND,0,Graduate,"Rs 3,33,777
~ 3 Lacs+","Rs 1,20,000
~ 1 Lacs+"
325,Sanjay Prashar,JASWAN-PRAGPUR,IND,0,12th Pass,"Rs 36,03,54,528
~ 36 Crore+","Rs 7,47,83,560
~ 7 Crore+"
326,Sanjay Rattan,JAWALAMUKHI,INC,0,Post Graduate,"Rs 4,16,79,522
~ 4 Crore+","Rs 32,96,938
~ 32 Lacs+"
327,Sanjay Sood,SHIMLA,BJP,0,Graduate,"Rs 2,71,25,351
~ 2 Crore+","Rs 0
~"
328,Sanjeev,JOGINDERNAGAR,IND,0,Graduate Professional,"Rs 9,63,91,860
~ 9 Crore+","Rs 1,50,00,000
~ 1 Crore+"
329,Sanjeev Kumar,BARSAR,IND,0,12th Pass,"Rs 43,09,000
~ 43 Lacs+","Rs 5,74,676
~ 5 Lacs+"
330,Santosh Kumar,JAISINGHPUR (SC),AAP,1,10th Pass,"Rs 84,02,778
~ 84 Lacs+","Rs 44,00,000
~ 44 Lacs+"
331,Sarveen,SHAHPUR,BJP,0,Post Graduate,"Rs 5,81,37,346
~ 5 Crore+","Rs 85,00,000
~ 85 Lacs+"
332,Satpal Singh Raizada,UNA,INC,1,10th Pass,"Rs 10,29,71,931
~ 10 Crore+","Rs 5,97,46,216
~ 5 Crore+"
333,Satpal Singh Satti,UNA,BJP,1,Post Graduate,"Rs 2,65,61,671
~ 2 Crore+","Rs 5,66,581
~ 5 Lacs+"
334,Saunu Ram,NACHAN (SC),IND,1,Graduate,"Rs 1,47,76,576
~ 1 Crore+","Rs 0
~"
335,Seema,PAONTA SAHIB,BSP,0,12th Pass,"Rs 6,35,000
~ 6 Lacs+","Rs 0
~"
336,Shankey Thukral,NADAUN,AAP,0,Graduate Professional,"Rs 2,82,31,026
~ 2 Crore+","Rs 1,10,98,669
~ 1 Crore+"
337,Shashi Bala,ROHRU (SC),BJP,0,Post Graduate,"Rs 88,15,203
~ 88 Lacs+","Rs 84,300
~ 84 Thou+"
338,Shasi Kant,CHAMBA,AAP,0,Graduate Professional,"Rs 92,45,000
~ 92 Lacs+","Rs 24,97,000
~ 24 Lacs+"
339,Sher Singh,KULLU,AAP,0,12th Pass,"Rs 1,87,63,619
~ 1 Crore+","Rs 0
~"
340,Shrikant Chauhan,JUBBAL-KOTKHAI,AAP,0,10th Pass,"Rs 1,07,63,000
~ 1 Crore+","Rs 10,33,000
~ 10 Lacs+"
341,Shyam Lal,MANDI,AAP,1,Post Graduate,"Rs 3,44,90,306
~ 3 Crore+","Rs 46,87,488
~ 46 Lacs+"
342,Sikander Kumar,NAGROTA,IND,0,12th Pass,"Rs 4,66,400
~ 4 Lacs+","Rs 0
~"
343,Sohan Lal,SUNDERNAGAR,INC,0,Post Graduate,"Rs 21,75,51,796
~ 21 Crore+","Rs 77,02,838
~ 77 Lacs+"
344,Subhash Chand Shukla,DHARAMSHALA,IND,0,Graduate,"Rs 7,64,64,818
~ 7 Crore+","Rs 6,98,000
~ 6 Lacs+"
345,Subhash Sharma,BILASPUR,IND,0,Post Graduate,"Rs 81,53,547
~ 81 Lacs+","Rs 22,97,155
~ 22 Lacs+"
346,Subhash Singh Dhadwal,NURPUR,IND,0,10th Pass,"Rs 1,24,51,000
~ 1 Crore+","Rs 18,95,000
~ 18 Lacs+"
347,Sudarshan Jaspa,LAHAUL AND SPITI (ST),AAP,0,Graduate Professional,"Rs 56,50,000
~ 56 Lacs+","Rs 11,50,000
~ 11 Lacs+"
348,Sudarshan Singh Babloo,CHINTPURNI (SC),INC,3,12th Pass,"Rs 2,64,61,800
~ 2 Crore+","Rs 10,35,96,766
~ 10 Crore+"
349,Sudhir Kumar,JHANDUTA (SC),AAP,0,Post Graduate,"Rs 28,57,000
~ 28 Lacs+","Rs 4,53,817
~ 4 Lacs+"
350,Sudhir Sharma,DHARAMSHALA,INC,0,Graduate,"Rs 8,61,67,906
~ 8 Crore+","Rs 60,44,159
~ 60 Lacs+"
351,Sukh Ram,PAONTA SAHIB,BJP,0,12th Pass,"Rs 2,27,71,551
~ 2 Crore+","Rs 85,70,000
~ 85 Lacs+"
352,Sukhvinder Singh,NADAUN,INC,4,Post Graduate,"Rs 7,81,89,255
~ 7 Crore+","Rs 22,42,166
~ 22 Lacs+"
353,Suman Kadam,JUBBAL-KOTKHAI,IND,0,Graduate,"Rs 52,275
~ 52 Thou+","Rs 0
~"
354,Suman Kumar,SULLAH,IND,0,12th Pass,"Rs 75,000
~ 75 Thou+","Rs 0
~"
355,Sunder Singh Thakur,KULLU,INC,1,Graduate Professional,"Rs 24,28,38,136
~ 24 Crore+","Rs 2,43,86,443
~ 2 Crore+"
356,Sunil Kumar,JAWALAMUKHI,IND,0,12th Pass,"Rs 60,53,000
~ 60 Lacs+","Rs 2,00,000
~ 2 Lacs+"
357,Sunil Kumar,PAONTA SAHIB,IND,0,Graduate,"Rs 1,19,41,033
~ 1 Crore+","Rs 0
~"
358,Sunil Sharma,NAHAN,AAP,0,Graduate,"Rs 25,11,097
~ 25 Lacs+","Rs 0
~"
359,Surat Negi,KINNAUR (ST),BJP,0,Graduate Professional,"Rs 32,69,509
~ 32 Lacs+","Rs 3,53,828
~ 3 Lacs+"
360,Surender Kumar,NADAUN,IND,0,12th Pass,"Rs 68,59,699
~ 68 Lacs+","Rs 13,00,000
~ 13 Lacs+"
361,Surender Shourie,BANJAR,BJP,0,Graduate,"Rs 89,48,181
~ 89 Lacs+","Rs 35,83,322
~ 35 Lacs+"
362,Surender Singh,JAISINGHPUR (SC),IND,0,Graduate,"Rs 1,77,275
~ 1 Lacs+","Rs 0
~"
363,Surender Singh Thakur,JOGINDERNAGAR,IND,0,Graduate Professional,"Rs 25,49,388
~ 25 Lacs+","Rs 1,00,000
~ 1 Lacs+"
364,Suresh Bhardwaj,KASUMPTI,BJP,0,Graduate Professional,"Rs 1,84,67,695
~ 1 Crore+","Rs 4,01,218
~ 4 Lacs+"
365,Suresh Kumar,SHILLAI,Rashtriya Devbhumi Party,1,12th Pass,"Rs 2,65,211
~ 2 Lacs+","Rs 6,00,000
~ 6 Lacs+"
366,Suresh Kumar,PALAMPUR,BSP,0,8th Pass,"Rs 11,00,300
~ 11 Lacs+","Rs 4,13,006
~ 4 Lacs+"
367,Suresh Kumar,BHORANJ (SC),INC,0,Post Graduate,"Rs 71,30,000
~ 71 Lacs+","Rs 0
~"
368,Suresh Kumar,SULLAH,BSP,0,Graduate,"Rs 25,95,000
~ 25 Lacs+","Rs 11,00,000
~ 11 Lacs+"
369,Surinder Kumar,KANGRA,INC,0,Graduate,"Rs 39,81,013
~ 39 Lacs+","Rs 3,00,000
~ 3 Lacs+"
370,Surinder Singh Mankotia,JASWAN-PRAGPUR,INC,1,Post Graduate,"Rs 5,03,55,476
~ 5 Crore+","Rs 8,00,000
~ 8 Lacs+"
371,Susheel Kumar Bhrigu,PACHHAD (SC),Rashtriya Devbhumi Party,0,12th Pass,"Rs 24,63,649
~ 24 Lacs+","Rs 0
~"
372,Sushil Kumar,JAISINGHPUR (SC),Rashtriya Devbhumi Party,0,Graduate Professional,"Rs 38,96,286
~ 38 Lacs+","Rs 5,87,997
~ 5 Lacs+"
373,Sushil Kumar,JAWALAMUKHI,BSP,0,12th Pass,"Rs 29,85,000
~ 29 Lacs+","Rs 0
~"
374,Sushil Kumar Surroch,HAMIRPUR,AAP,0,Post Graduate,"Rs 2,86,20,000
~ 2 Crore+","Rs 23,50,000
~ 23 Lacs+"
375,Swarn Singh Saini,DOON,AAP,0,8th Pass,"Rs 13,98,11,562
~ 13 Crore+","Rs 4,01,03,488
~ 4 Crore+"
376,Tara Chand,BALH (SC),AAP,0,10th Pass,"Rs 73,78,500
~ 73 Lacs+","Rs 3,78,000
~ 3 Lacs+"
377,Tara Chand,MANALI,BSP,0,8th Pass,"Rs 1,05,65,000
~ 1 Crore+","Rs 20,00,000
~ 20 Lacs+"
378,Tejwant Singh Negi,KINNAUR (ST),IND,0,Graduate,"Rs 3,82,26,724
~ 3 Crore+","Rs 10,09,641
~ 10 Lacs+"
379,Tek Chand,SUNDERNAGAR,IND,0,Others,"Rs 25,62,000
~ 25 Lacs+","Rs 6,00,000
~ 6 Lacs+"
380,Tersem Singh,KINNAUR (ST),AAP,0,12th Pass,"Rs 22,34,477
~ 22 Lacs+","Rs 9,630
~ 9 Thou+"
381,Thakur Singh,SUNDERNAGAR,Sainik Samaj Party,0,Graduate,"Rs 2,88,95,000
~ 2 Crore+","Rs 0
~"
382,Thakur Singh Bharmouri,BHARMOUR (ST),INC,1,Graduate,"Rs 10,07,57,940
~ 10 Crore+","Rs 96,82,615
~ 96 Lacs+"
383,Thakur Surender Pal,JOGINDERNAGAR,INC,0,10th Pass,"Rs 1,15,59,153
~ 1 Crore+","Rs 14,75,000
~ 14 Lacs+"
384,Tikender Singh Panwar,SHIMLA,CPI(M),3,Graduate,"Rs 4,34,85,802
~ 4 Crore+","Rs 0
~"
385,Tilak Raj,FATEHPUR,BSP,0,Others,"Rs 1,56,200
~ 1 Lacs+","Rs 50,000
~ 50 Thou+"
386,Trilok Jamwal,BILASPUR,BJP,0,Post Graduate,"Rs 3,02,44,106
~ 3 Crore+","Rs 7,59,623
~ 7 Lacs+"
387,Trilok Kapoor,PALAMPUR,BJP,0,12th Pass,"Rs 4,82,22,729
~ 4 Crore+","Rs 2,11,76,327
~ 2 Crore+"
388,Uday Singh,RAMPUR (SC),AAP,0,Post Graduate,"Rs 1,51,11,584
~ 1 Crore+","Rs 35,00,000
~ 35 Lacs+"
389,Uday Singhta,CHOPAL,AAP,0,Graduate Professional,"Rs 77,00,000
~ 77 Lacs+","Rs 14,00,000
~ 14 Lacs+"
390,Uma Kant,NAGROTA,AAP,0,Post Graduate,"Rs 1,52,92,774
~ 1 Crore+","Rs 0
~"
391,Uttam Chand,CHAMBA,Bhartiya Veer Dal,5,12th Pass,"Rs 7,82,800
~ 7 Lacs+","Rs 96,000
~ 96 Thou+"
392,Varun Kumar,DEHRA,IND,0,Graduate Professional,"Rs 18,27,820
~ 18 Lacs+","Rs 0
~"
393,Varun Kumar Thakur,GHUMARWIN,IND,2,Others,"Rs 25,263
~ 25 Thou+","Rs 0
~"
394,Vijay Koundal,FATEHPUR,IND,0,Post Graduate,"Rs 1,35,15,000
~ 1 Crore+","Rs 0
~"
395,Vijay Kumar,KANGRA,BSP,0,12th Pass,"Rs 37,52,137
~ 37 Lacs+","Rs 0
~"
396,Vijay Kumar,NADAUN,BJP,1,Post Graduate,"Rs 2,59,10,170
~ 2 Crore+","Rs 5,13,834
~ 5 Lacs+"
397,Vijay Pal Khachi,THEOG,IND,0,Graduate Professional,"Rs 6,88,57,196
~ 6 Crore+","Rs 0
~"
398,Vikramaditya Singh,SHIMLA RURAL,INC,11,Post Graduate,"Rs 1,01,39,61,033
~ 101 Crore+","Rs 1,38,70,967
~ 1 Crore+"
399,Vinay Kumar,SRI RENUKAJI (SC),INC,0,10th Pass,"Rs 8,57,39,414
~ 8 Crore+","Rs 1,03,35,872
~ 1 Crore+"
400,Vinod Dadwal (Pintu),GAGRET,Rashtriya Devbhumi Party,0,12th Pass,"Rs 10,44,500
~ 10 Lacs+","Rs 7,19,367
~ 7 Lacs+"
401,Vinod Kumar,NACHAN (SC),BJP,0,12th Pass,"Rs 2,14,09,897
~ 2 Crore+","Rs 27,44,431
~ 27 Lacs+"
402,Vinod Sultanpuri,KASAULI (SC),INC,0,Graduate,"Rs 5,61,65,545
~ 5 Crore+","Rs 32,00,773
~ 32 Lacs+"
403,Vipan Kumar Nehria,DHARAMSHALA,IND,0,Graduate,"Rs 3,32,90,321
~ 3 Crore+","Rs 74,89,660
~ 74 Lacs+"
404,Vipin Singh Parmar,SULLAH,BJP,0,Graduate Professional,"Rs 5,37,68,739
~ 5 Crore+","Rs 48,33,338
~ 48 Lacs+"
405,Virender Kanwar,KUTLEHAR,BJP,0,Graduate Professional,"Rs 3,69,04,883
~ 3 Crore+","Rs 7,00,000
~ 7 Lacs+"
406,Virender Kumar,CHINTPURNI (SC),BSP,0,Graduate,"Rs 11,65,240
~ 11 Lacs+","Rs 0
~"
407,Vishal Shankta,JUBBAL-KOTKHAI,CPI(M),0,Post Graduate,"Rs 5,66,65,000
~ 5 Crore+","Rs 1,22,00,000
~ 1 Crore+"
408,Vishesh,BAIJNATH (SC),Swabhiman Party,0,Post Graduate,"Rs 13,63,000
~ 13 Lacs+","Rs 0
~"
409,Vivek Kumar,JHANDUTA (SC),INC,3,Graduate Professional,"Rs 69,22,669
~ 69 Lacs+","Rs 15,47,972
~ 15 Lacs+"
410,Yadvinder Goma,JAISINGHPUR (SC),INC,0,Post Graduate,"Rs 2,57,40,000
~ 2 Crore+","Rs 65,00,000
~ 65 Lacs+"
411,Yashwant Singh,CHURAH (SC),INC,0,Post Graduate,"Rs 17,45,186
~ 17 Lacs+","Rs 42,984
~ 42 Thou+"
412,Yogesh Thakur,GHUMARWIN,Rashtriya Devbhumi Party,1,12th Pass,"Rs 2,02,00,100
~ 2 Crore+","Rs 0
~"
